income,age,loan_amount,credit_score,approved
5745.071229516849,59,7852,818,1
4792.603548243223,30,3551,505,0
5971.5328071510385,22,7411,674,0
7284.544784612038,25,1007,750,1
4648.769937914996,28,9087,478,1
4648.794564576229,25,3555,509,1
7368.819223261087,28,1475,799,0
6151.152093729363,58,6416,763,1
4295.788421097572,50,9676,423,1
5813.840065378947,51,8239,412,1
4304.873460781307,31,7710,311,0
4301.405369644614,27,6000,425,0
5362.943407349051,27,5654,630,0
2130.079633013303,47,9078,582,0
2412.623251230451,39,7063,439,1
4156.568706138541,26,3285,700,0
3480.7533194983644,30,6223,396,1
5471.37099889291,39,7971,816,1
3637.963886718184,35,4525,368,1
2881.544447997063,23,3822,417,1
7198.473153382331,25,5943,358,0
4661.335549270197,41,7530,332,0
5101.292307031886,45,1258,617,0
2862.877720679815,22,1282,349,0
4183.425913212226,33,2898,788,0
5166.383884564799,30,5135,318,1
3273.5096338665458,37,7629,496,0
5563.547027518508,31,4200,749,0
4099.041965121793,42,6110,751,0
4562.459375310085,31,8167,588,0
4097.440081655905,32,1612,440,1
7778.417276763406,44,1687,383,1
4979.754162893099,38,4690,690,1
3413.433606566149,55,9804,514,1
6233.817368154783,27,3307,825,1
3168.7345250434664,48,8133,514,0
5313.295392507133,51,7509,702,1
2060.4948141803366,37,6906,427,1
3007.720926652354,25,3591,776,1
5295.291853803686,37,8183,703,0
6107.6998699931155,38,6248,328,0
5257.052421784956,41,9766,637,1
4826.5275764176395,56,6108,660,0
4548.344456616067,51,4604,691,0
2782.217014448859,22,1669,517,1
3920.233687407937,47,5364,501,0
4309.041843560319,29,8329,316,0
6585.683339328374,54,2283,621,0
5515.427434352692,48,1923,817,1
2355.439766955899,34,2125,624,1
5486.125954092193,52,2529,711,1
4422.376579375526,26,9438,617,0
3984.616999541062,31,4711,381,1
5917.514433261302,49,9004,773,0
6546.499283743927,40,7274,767,0
6396.920178674298,50,4864,724,0
3741.1737151660423,43,8833,503,1
4536.181436223178,39,7788,686,1
5496.895147105346,56,1226,397,1
6463.317690683539,23,1264,644,1
4281.238643232065,47,1645,507,0
4721.511535004274,39,8544,813,1
3340.4975389909578,43,6569,465,0
3205.690063878994,51,3990,321,1
6218.7887335912965,55,3504,453,1
7034.360042856235,53,1587,738,1
4891.984817629499,55,5079,594,0
6505.299346838036,21,4348,518,0
5542.454037571451,34,7299,794,0
4032.3203680923134,53,4831,529,0
5542.093408262621,55,9381,319,0
7307.054849698954,25,2715,447,1
4946.260941335073,58,7450,407,0
7346.965483721009,31,6433,702,0
1070.3823438653835,22,2098,782,0
6232.853756562836,37,8096,666,0
5130.570602357257,59,3326,713,1
4551.488974301199,40,7416,608,0
5137.641164803254,34,7980,433,1
2018.6466280986606,52,7763,582,1
4670.4921682437325,54,2674,372,1
5535.668857267619,45,8950,780,0
7216.841067112275,27,9915,651,1
4222.594672589529,55,7049,625,0
3787.2595956602186,49,2089,742,0
4247.364434623195,42,5578,399,0
6373.103176553112,33,1155,358,0
5493.126664489527,33,2958,807,0
4205.359694349442,21,7344,557,1
5769.901149670034,56,6779,712,1
5145.61632402206,24,7144,751,0
6452.967485799334,57,6063,364,1
3946.9203591839714,33,4830,453,0
4508.506780103347,58,9831,565,1
4411.837770301763,44,7659,378,1
2804.727577801822,39,1441,614,1
5444.180415596864,21,7040,547,1
5391.582908269834,58,6925,713,1
5007.670184963691,25,8358,324,0
4648.11929993728,36,5628,583,0
2876.9438869243786,44,7370,748,1
4369.032015851962,47,1948,600,0
4485.928225209846,21,9179,367,1
3796.5840961675717,54,7115,306,0
4758.071432500987,56,1459,436,1
5606.076285221808,24,8568,463,1
7829.278851815796,20,5646,382,1
5261.866719247759,59,1392,719,0
5386.325586084146,31,2787,372,0
4888.331126350749,55,8374,536,1
2121.8431770514376,42,2138,345,1
4960.229186826175,50,5741,561,0
5090.345314911539,30,8418,475,0
8694.86316872793,29,7362,465,0
4711.458552828316,22,3454,669,0
5452.321013500418,33,4674,353,0
4947.932345442135,35,2377,718,1
3246.982943570702,29,7701,806,0
6714.234221772531,48,3597,640,1
6127.899549030161,29,1141,426,1
6186.547920564571,31,3659,708,0
3635.9188178078916,49,5596,666,0
7104.191466404149,20,6661,570,1
2897.2234058115787,24,7142,678,0
5880.285640700406,39,6626,372,1
8285.683438714968,27,9787,547,0
3514.1955123039675,31,9472,342,0
4150.553405595842,20,1423,676,0
5149.477047631462,39,7999,340,1
4244.786518825701,47,5249,469,0
2674.004853400801,56,2750,511,1
5102.844462209041,56,5757,792,0
3406.544429410843,31,2967,338,1
5710.388645952772,56,5088,668,0
3620.863648649295,47,5178,450,1
7324.90160752631,34,8789,410,1
3825.120061495644,25,3946,779,1
4516.907725691487,39,6394,735,1
6220.275826054505,33,8880,346,1
3153.703525349067,21,6075,665,1
5341.189901906194,28,8230,368,0
6960.714131423642,56,2531,598,1
2588.7751481581586,39,3990,595,1
5276.950787798456,45,8155,502,1
5389.824191372635,48,5493,360,0
6172.734307665965,20,1933,613,0
3144.5739336828774,54,2460,460,0
3019.3150803735853,25,3723,630,1
5782.912348425347,56,1285,827,0
5445.477009849779,24,1264,637,0
5375.739275518815,52,7816,603,1
5519.672314245464,33,2762,802,1
3979.9629176322637,31,1040,637,0
5348.380545741506,39,6827,849,1
5439.608709948022,43,9259,574,1
3928.4728729604485,53,1987,463,1
7798.661766717135,44,8804,742,1
5710.749381367681,48,8789,618,0
3213.044754196027,58,6717,803,1
5984.830412950745,50,4198,686,0
3537.977494659018,42,6374,793,0
6180.626905613678,57,5790,789,0
6737.893368511106,39,8183,372,0
3768.976522472434,42,3524,808,1
6445.064193866483,35,3479,689,1
5619.171390404747,27,6154,594,1
6233.090239991735,40,1778,668,0
7845.189473980921,20,2492,848,0
4631.917825995694,27,1660,486,0
3869.3957534637657,48,2348,744,1
3665.728355561715,51,8851,662,0
3776.2845725518428,57,8156,422,1
4884.3474358788435,24,3044,487,1
5511.727962224966,41,8368,719,1
5415.036198995029,53,4516,551,1
6240.774873554035,20,5577,848,0
5019.502837816861,45,1727,634,1
7180.301115735975,29,8468,391,0
4603.014750143066,49,1342,829,1
9080.253749884429,37,2447,362,0
5938.501021647509,36,7581,811,0
3714.2636653755762,45,7317,438,1
3393.6612529083313,27,1526,484,1
5723.708622864778,59,7748,504,1
4664.805822011223,31,1405,513,0
6071.0007411381375,46,8986,555,1
5709.856436860317,27,4740,434,1
4890.756631014691,44,2846,387,0
3729.8094228973923,23,2478,506,1
2727.729162971203,52,1771,428,0
4330.227571899468,20,6525,302,1
6284.598191485208,38,9770,420,0
5321.1406161953055,50,1193,684,0
3131.3918319320182,35,3007,337,1
5259.771388776773,33,2185,640,0
5577.9760695932555,24,3394,320,1
3674.2138456983002,45,5005,541,1
5230.587658918292,47,8429,754,0
5087.3130776689995,21,3261,602,1
3285.5445532540652,25,4736,368,0
5536.681040522425,28,7716,428,0
5841.176789552352,52,5875,495,0
6624.576864762916,44,9921,439,0
6580.703078052355,32,5378,743,0
2933.4959480643633,28,8815,582,0
3593.262440127316,32,4451,611,0
5772.55290081299,50,8616,834,0
5770.678926368313,30,3800,576,1
5772.571529459072,23,9333,360,1
10779.09723598208,53,6410,618,0
5856.3357660397505,57,2455,351,1
6703.348460270899,23,7892,452,1
6431.002645239803,57,6808,610,1
5977.086876958697,38,7796,843,1
4527.096133039481,25,5796,688,1
6138.453830739902,53,6093,847,1
3840.7621781936423,37,2325,476,0
4644.772089889987,32,5976,661,1
4271.954678256345,42,2159,613,1
5122.811209079484,38,5650,396,1
8471.987850010264,30,5987,512,1
2199.102211112378,20,5697,436,0
6029.390285561771,43,1340,305,0
2580.9261932155227,26,4828,408,0
4292.10220131585,44,2968,846,0
6633.42589545105,40,1703,338,1
5096.420028643194,34,6482,724,0
3383.382833106041,20,7376,560,0
3927.0444361100476,31,2800,725,0
6019.396623402014,26,6463,386,0
3904.450052424295,34,5912,764,1
5324.687884372962,40,5648,375,0
5068.35775985572,38,1855,770,1
4022.5994785912744,48,3866,713,0
8215.916133987988,44,1182,756,1
5950.878533477016,52,4112,584,1
1962.2861200135894,51,6670,538,0
5279.681472154141,54,5492,671,0
4007.320302847418,57,6823,794,0
6278.650002194336,45,2517,344,0
3811.2188923509493,30,6002,700,1
4827.895337799651,54,2356,546,1
5757.4809184706855,27,4629,749,0
6298.632791255182,33,4628,784,0
3199.555389416336,29,9210,317,1
4498.248146238578,21,7132,588,0
4287.582033258565,28,7588,713,1
4020.0061511394324,22,4311,534,0
7648.181360421646,40,7048,715,1
5607.472566441434,45,7246,798,1
3108.674068497432,27,1987,414,1
6376.792920582164,21,4321,533,1
8183.23429551895,25,5615,839,1
6548.69789082672,47,9365,310,0
2720.94505106898,48,4741,505,1
4273.648890700623,45,4052,546,0
6900.366723779935,44,7574,426,1
3938.495801571829,31,1726,446,1
5665.729142219343,24,4760,417,0
6161.951080144005,53,6806,681,0
3609.6042926328755,56,2875,711,0
4910.7119659073,34,7993,662,0
138.09898989639078,55,5033,808,1
3463.418537998565,34,6443,436,0
4621.14777291026,42,1989,474,1
3128.3252270527255,25,4744,588,0
7448.6169558974525,40,9611,780,0
2854.787933059051,42,1593,318,1
4339.933269954525,35,2774,494,1
5196.110865929137,34,1935,629,0
7161.909933599173,44,4808,474,1
2846.206773230841,55,1331,748,1
6744.745628232439,30,8922,653,1
5015.349591529381,34,3702,798,1
3527.7370234280734,23,6889,440,1
5693.1552113949065,40,6054,392,1
5298.589543360205,32,4868,538,1
4099.674684261808,41,5200,504,1
5104.703127485029,38,1201,732,0
4422.02960470736,53,3497,544,1
5170.276017876872,33,2842,616,0
5993.19601178157,23,5658,594,1
7379.025224218029,46,8544,581,1
3143.2767517597267,48,8718,316,1
8199.5500619844,47,1770,370,1
2071.868300716247,54,4155,568,0
4772.322357446625,27,2628,624,0
5882.475809726865,35,1386,604,1
5421.487801602549,55,7031,750,0
4065.9507202691093,49,7439,306,1
4687.816624464087,37,7401,613,1
4260.498598011751,21,5008,402,0
4115.952864583683,32,3466,492,0
6274.403145531537,23,3282,828,1
5535.523228947571,45,2856,470,1
3960.6356071090186,44,8980,836,0
6349.399813149876,49,2998,550,1
5460.949281314914,30,6476,686,0
6219.29317825844,26,5669,506,1
5944.443262885418,50,5318,840,1
3756.5074836168915,29,8064,715,0
4159.728439704546,58,8446,679,0
6120.940407684893,32,2431,443,0
5915.555398150197,50,6624,324,1
4968.647609053778,26,8461,372,1
5175.991074963173,55,2819,392,1
6916.497343682638,39,2130,804,1
4112.642916746255,23,7563,635,0
5820.646071755057,26,3658,724,1
4696.711021349159,20,4500,798,1
4673.478195159169,32,9566,663,1
6648.165277980785,41,3120,498,0
6238.124523482045,40,5020,712,1
6220.264454000958,41,4259,638,1
6958.218210731494,47,2823,728,0
5031.505762449138,28,2474,438,1
6022.9294569424455,45,3242,841,1
4534.599865109816,28,4243,356,0
5486.249528732663,34,7990,531,1
4804.785418448473,29,6160,734,1
5145.493947489077,43,4134,683,1
5892.735538155371,27,3070,493,0
3772.6689751497915,43,1359,833,1
8138.580913528191,35,2141,817,1
3490.973927750447,45,2635,484,0
3178.717080818402,46,5000,591,0
6737.166310250102,56,4361,634,1
6187.494040944404,23,7583,415,1
5936.179725578233,43,8835,348,1
5942.51826389642,38,1006,381,1
4981.629840729628,55,4267,632,0
3654.1184427712524,58,7564,634,1
5113.70683729059,29,5928,831,0
3984.2574327318325,44,3606,520,0
6462.679600126627,37,6906,622,1
4779.413927746792,38,4273,302,1
3761.7542048112327,55,8611,505,0
4517.92123752051,29,1913,339,0
5619.397181413437,52,3011,358,1
4154.413170794038,24,2442,806,0
3766.669406650353,54,6546,421,1
5365.530817237868,53,2829,778,1
5367.449856663085,52,9767,395,0
4239.585236943305,40,7468,713,0
4293.442541572516,36,1929,534,1
5348.074906036454,41,4699,361,0
2827.8734877540137,56,2054,555,1
2888.804338435167,34,6744,647,1
3922.333668121346,54,2900,423,1
4679.829272432229,47,7980,781,0
5466.361348397007,26,8069,616,1
7213.034325424328,51,4415,803,1
6286.489434803029,30,1442,347,1
4760.09220505486,29,7218,708,1
4971.475688145967,28,5652,435,1
3496.2059530432866,33,8939,500,1
4972.230296011415,32,8833,549,1
4567.012041619792,44,8597,613,1
5484.077840507134,21,5458,667,1
3759.1535846715155,54,7591,728,1
5779.019771361758,26,3309,779,1
7299.108369503867,40,7268,613,0
4836.859777314714,37,1910,799,1
5602.567583148412,22,5340,654,1
6035.215987566668,58,5009,784,1
4398.169292171246,30,7628,510,0
5336.138722715625,58,3169,343,1
5018.888601172693,43,3172,840,0
5146.514147823247,38,6668,391,1
3840.4853242168,23,7313,564,1
5036.765261388414,45,9315,519,0
5746.997436868174,57,9036,741,1
7176.715411692563,51,7789,700,0
6438.90623912781,58,1785,699,0
8229.773686267334,55,7139,789,1
3848.9786556679255,59,7344,784,1
6308.480955081017,56,3416,769,1
5275.013008607528,52,9988,744,1
8284.704399826509,55,5154,568,0
3787.552571967273,22,6619,566,0
3740.4172367288356,28,2936,353,1
4100.911031833966,27,4807,827,0
1814.1564135352896,52,8151,819,0
4211.367467478858,25,4236,358,1
3861.301007669453,58,3352,339,0
5225.590679714312,23,2932,536,0
5512.633963665739,32,9556,685,1
7814.256258823829,21,5916,599,0
6425.635757279075,24,6498,694,1
4134.644516506395,46,1946,506,0
3652.377992977463,51,2439,635,1
5737.8787572597585,40,8730,813,0
3019.650189469037,27,5857,477,0
7747.188148781531,57,1340,695,1
6769.16018108193,27,1382,670,1
4296.236521842943,22,9491,617,1
2430.2982063636837,22,1138,668,1
7030.808561248119,41,1358,683,0
4828.190232121073,25,5931,361,0
6856.724467960193,21,4456,804,0
2608.3585118084493,42,2627,538,1
4100.937465569341,21,7626,494,0
5007.865549577275,57,6004,521,0
5070.470890647113,36,7652,360,1
4324.901792781135,54,7416,428,1
5934.274898521248,53,4170,455,0
3398.5693559261085,42,4835,677,1
4786.430772468059,49,9017,736,0
5180.443447567848,27,3151,506,0
5771.6582510881235,41,7905,687,1
6067.422317133334,55,3834,779,0
3313.036862243196,24,3567,639,1
2698.8287438965667,32,2307,639,1
6916.515232847763,48,9848,503,0
5498.4710179693875,50,3660,460,0
3877.2701951651698,35,4730,839,0
7326.727963283784,49,7207,691,1
5173.511951439288,35,4162,833,0
6768.945776095739,31,2140,369,1
5101.277722115164,36,9458,704,1
8091.121887322981,35,2708,816,0
7633.011263664806,31,4630,419,1
4626.55377728139,27,4211,516,0
6457.356426431534,39,7538,355,0
5968.063924377721,22,1475,665,0
7052.947336298523,35,8684,803,0
3552.6148091298433,49,2207,754,0
6029.077189997659,42,2960,403,0
6587.636730274382,47,1557,376,0
2361.8907703653285,59,1882,529,1
3225.1122310013375,24,5761,557,0
1941.151733359849,39,6867,563,1
4595.889748333163,59,7963,630,1
6076.313383693943,20,8166,481,1
7253.535578144042,49,8929,849,0
5111.142170629662,40,6347,326,1
7442.923318356938,39,8269,575,1
2929.847812677663,25,9125,598,0
2444.926340967268,41,3454,390,0
4916.6784516550715,37,5494,779,1
5576.098173408961,27,2946,757,0
4950.95787785886,58,3808,750,0
1898.836849940185,51,7642,664,0
4866.3199407308175,52,4825,650,0
3043.2957492427204,35,4536,699,1
6004.508823245058,31,7068,552,0
5549.897369145272,57,4802,758,0
3590.1803205089673,53,5699,798,0
4229.199623994959,33,2970,807,1
3411.1797171665726,55,6806,603,1
4905.981354090242,52,7142,800,0
6432.713480751858,42,3819,465,0
3521.410930496684,21,1364,714,1
5756.069773276767,40,5258,761,0
4204.613572441339,21,4119,413,0
3810.690751606484,46,2863,732,1
4839.454460068163,28,1115,655,0
3447.136516370939,20,8084,506,0
4169.526041979227,30,9016,534,1
3203.183161116727,22,3384,741,1
7947.087699374584,42,4935,654,0
5052.895327957593,45,8742,814,1
3950.4117380111215,23,6442,507,0
5320.969866101333,37,3490,424,0
4831.507925463755,25,7980,437,0
4668.545600700166,54,8661,638,1
5921.250050065138,41,2724,836,1
6136.261565070958,34,9182,367,0
4204.2482785842085,41,3767,840,0
4136.27263903298,56,2137,682,1
4587.422454272534,31,5117,318,1
1547.1182528966228,57,4420,749,1
2727.2134067021716,37,6845,373,0
7050.311401166788,54,5778,575,1
7467.451570251926,49,4906,347,1
4626.445940665432,43,4637,510,0
5864.835444583649,49,3953,839,0
5466.875231815304,33,6929,490,0
9618.321212682857,25,1276,614,1
6679.362367151865,22,2999,412,0
4808.123612778851,35,2227,469,0
3566.6893390993614,26,7337,767,0
2590.330519613641,33,4735,313,0
5305.195453800835,28,1695,587,1
3865.4738820735447,34,5152,488,0
2866.619435603489,40,8901,454,1
4030.14067363621,54,8470,770,1
3377.6779945784074,21,8537,374,1
7530.712452608847,46,3841,576,0
6322.459635424176,21,5208,642,1
4988.041038025074,54,9733,724,0
7219.916208335038,37,2088,810,0
5116.052461471428,33,4363,481,0
3708.0736980076044,39,1024,757,1
7284.686115904486,37,7144,363,0
5808.3650655269885,29,6668,559,0
3444.1307685103156,44,5236,492,0
4714.491982874588,21,9068,705,1
3686.5726199228643,44,3235,392,1
2925.800403553496,52,8295,729,1
6389.266321297462,55,9392,733,0
7864.124960705196,50,9448,703,1
2902.148639271288,33,4747,733,0
5844.453855035857,20,4175,411,0
4024.0361463172594,35,5897,674,1
4269.311924352956,22,6037,358,0
4111.409113641696,54,8427,342,1
3704.013845480276,25,9605,506,0
5072.78244191724,44,3014,595,1
3753.5748253834436,32,2381,417,0
5405.685238669758,53,2098,831,0
4924.642835826295,27,4426,521,0
4641.5779297003855,40,4655,465,0
3638.6545069376034,53,8938,455,0
4134.843004147501,23,1187,483,1
6133.0868387386345,44,6409,389,0
5751.375781436571,34,3092,393,1
3533.6671328021735,23,3130,312,1
5148.998458143838,31,6242,737,1
6127.080685057684,51,9549,837,0
2495.8920783179424,51,6647,449,0
5815.040288569902,47,6185,307,0
4006.06436158123,32,6776,328,1
5855.898002889739,50,8913,595,0
3855.111265186225,33,8547,639,0
2292.6768490032214,39,8823,738,1
2558.686343175256,37,8355,443,1
5072.127419992073,48,7465,818,1
5389.583752582223,25,2497,344,1
3643.525062343387,51,3555,538,1
5957.888688166061,48,6409,454,1
2507.71990659656,21,3951,480,0
4900.880302029025,42,2238,514,1
3183.475700356315,38,5727,387,0
4022.245838296761,50,4965,555,0
5071.098006974621,24,6686,810,0
3709.3799520740713,38,4701,372,1
4423.166683655262,53,3780,478,0
6509.439213821661,29,8398,511,1
4134.6621957152765,44,2588,533,1
6253.5381680977125,21,3368,764,0
3305.439718013573,30,6789,522,1
5794.706266872924,50,1436,563,0
7162.35293098685,34,3828,506,0
1292.533249809066,28,2556,665,1
3804.657116794285,42,8570,575,0
5865.60819077081,38,8480,679,0
4695.431920935511,28,1182,608,0
5556.718810056963,54,8190,567,1
4094.022219926269,40,7687,363,0
5129.88468120935,28,6565,649,1
4766.484146911881,47,8241,793,1
6751.673092489711,26,8651,822,0
5381.6312649518195,35,6575,397,0
5506.403993112804,35,2589,370,1
4382.184550816299,52,9851,663,1
4268.59066389126,23,1159,575,0
4351.162718270569,23,7555,349,0
5591.678213567446,58,9244,657,1
4368.523278769606,59,7846,784,1
5434.66228534462,36,3307,383,1
8113.101197968159,56,2228,595,1
6306.687055147539,58,8226,535,1
4510.964701748238,48,6590,355,0
6801.820883245917,55,7919,659,1
4387.886940467673,57,6585,409,1
1942.8131972332194,58,7046,491,0
3487.8705336238936,56,5945,392,0
2193.8121184612164,54,8927,359,1
4472.729773938037,26,8016,338,1
5027.627568784327,46,8758,839,0
7514.655968412924,47,6086,348,1
5490.391060646244,41,8161,719,1
4671.349206786704,33,2884,312,0
6244.1083717752335,26,2809,335,1
1683.2970364881721,56,4167,400,0
5353.4218371628485,41,7352,385,0
6156.29779083045,24,7056,815,0
2782.1206313302378,21,3437,522,0
6715.631064810394,46,7468,637,1
5507.744611241621,40,6951,465,0
4377.068129148798,57,6276,682,1
5949.172799159427,34,9859,675,1
8406.039286706593,40,8818,770,1
5272.799382587743,29,5728,330,1
5372.330879450504,42,3624,674,1
4310.958650689634,58,6738,310,0
3725.233445802812,24,5232,601,0
6245.503724816368,20,6793,395,0
3715.8742611366993,32,5523,489,0
5107.349355829088,40,6571,752,1
4283.513829852325,45,3224,491,0
5718.469738619588,40,9389,785,1
5500.493157930422,37,7091,565,1
6556.309916386848,56,9662,723,0
4234.975401717879,51,7361,427,0
4595.187597059943,55,2948,537,0
3531.854426326539,36,8094,654,0
4333.560109885832,54,7318,411,1
5565.950739567278,30,4796,745,1
6135.482924968028,40,1234,642,0
3616.752013733562,45,4607,444,1
6304.40888015849,23,9043,364,1
7033.456788207426,53,1522,546,1
5620.152354835551,37,6904,789,0
7815.193718837099,59,5888,738,1
3839.3162013446404,54,6832,405,0
3133.017945032874,48,8122,480,0
2331.919626643582,48,6842,483,1
7244.066467233774,57,2316,525,1
5981.548484531087,40,2124,388,0
4916.622993634317,32,6621,829,1
5419.95293947973,36,6423,670,1
3311.7664290524353,28,3587,698,0
8668.627969425239,20,6672,405,0
5193.831772962842,21,2378,570,0
5164.092191907339,48,4374,802,0
6088.649935848038,52,2519,824,1
5721.51384760507,29,6777,331,1
5335.826036418697,59,8935,692,0
3814.2883168320323,40,7093,339,0
5707.202535703994,47,9418,517,0
7823.03674471255,30,6355,381,1
7018.130069232467,53,5968,500,0
7389.779939959095,27,6574,746,1
4233.176485353222,41,5072,727,0
3515.592769612129,27,3257,337,0
4811.3196198505275,34,9588,510,0
5083.587368433042,36,5424,743,1
6641.287277706423,42,4237,626,1
2461.303055427771,43,4893,526,1
7294.32547919092,38,3005,347,0
4762.988152131516,24,3016,317,1
4359.67839507887,51,2772,738,1
3481.8434371097487,20,9353,486,0
2517.714992201346,42,4976,644,0
6234.755875942872,56,2751,523,1
5109.976950782606,27,9967,787,1
3065.058650388419,32,8430,528,1
3057.3818419045756,27,8170,689,1
4496.322951064808,42,7469,487,0
7503.532287934089,20,4220,569,0
4610.612972954593,43,1539,609,0
2745.2855703228406,54,2461,431,1
4631.385403871083,43,6184,371,1
4590.914645378494,36,9547,486,0
954.6700355876424,24,1234,785,0
4918.557700223281,39,2548,490,1
4653.598204686983,40,8480,721,1
6044.309547220128,59,5213,419,0
7773.434142418018,50,2673,519,0
6689.847544321636,55,7708,352,0
4596.6669641677545,30,8982,750,1
3340.211136887495,34,3100,711,1
8860.039704874791,38,4748,536,1
5088.827651021732,26,4173,705,1
5020.8939378694195,47,2815,721,1
4963.812369334995,24,4841,546,1
5297.127141151783,24,9016,371,0
4783.459382114086,49,8011,484,0
4139.506989679646,51,5493,305,1
4179.711588139412,27,1674,505,0
4950.870094676003,29,9088,843,1
4184.862843299353,57,9578,686,0
3930.7313259842535,51,3158,375,1
5159.6453415378455,47,3661,476,0
4617.534173868717,36,3064,648,0
7255.989482874033,50,4253,554,1
1023.5452874104822,27,5979,607,1
6637.260277883693,59,8703,644,0
6869.127788746444,44,9931,426,0
1889.9146513877758,28,2401,586,1
4485.968608879477,21,4259,786,0
4442.8387010063125,34,4923,682,1
2888.732457923268,22,5214,705,1
3833.2749686136867,55,4227,687,0
3334.136231801257,23,3745,824,1
7628.405665135434,33,7091,575,0
6403.517589721192,44,4866,799,0
6907.332642491238,29,6818,636,1
6082.508096064853,40,3222,780,0
3306.422343174156,55,3792,572,1
4213.21960058034,31,5063,357,1
5734.061841841877,46,2524,627,1
3166.8082866620816,59,9224,408,0
6069.4976452585815,21,7198,578,1
4639.511902762797,32,5025,627,0
4437.768788675604,51,3566,614,1
6066.439952305237,50,3803,773,1
5666.39496722906,35,4709,410,1
4458.55075127138,51,7155,528,0
6738.9947050463725,51,1719,796,0
3378.4050086001544,53,7516,455,1
5923.903410416396,30,5579,772,1
5889.651886952575,29,1972,571,0
4535.680341029015,34,4718,301,0
5489.199533363177,36,8395,810,0
3123.3296354220456,59,5402,585,1
6386.040528810352,37,5552,312,0
4722.646795335517,28,3207,797,1
4215.915469221441,44,5426,537,0
6573.513838755334,59,7919,393,1
3943.484464185861,33,9835,637,1
2887.3080554546605,44,9386,470,1
2665.0562397141443,41,9680,766,0
5909.014927018459,49,3204,442,0
3079.3559712555752,39,6345,500,0
7632.191272976546,40,4276,479,1
1877.105888174417,51,2102,663,1
7544.684552435057,40,6243,778,0
5316.526200803928,54,7614,770,1
4854.930332194412,51,9707,683,1
4182.621369786575,49,6223,716,1
5598.704171528107,58,9584,607,0
4943.547946362727,31,1630,666,1
6654.952823024782,37,7683,300,0
5171.341472993059,40,1277,343,0
5225.452642192817,32,1232,397,0
4454.581681679216,40,6690,564,0
4914.581564418399,27,8659,439,0
5461.702653338089,59,1025,780,1
2434.7474110150615,26,8468,536,0
2977.7218668414307,42,7410,371,0
6114.896141034073,51,9652,489,0
5256.298157191913,30,4764,567,1
4724.024995470982,41,7599,620,1
5027.650899598089,41,6102,406,1
5521.372558042506,44,8006,531,1
4190.360479535958,41,4483,341,0
3832.542911896531,47,2994,438,0
5293.767882646523,48,9682,572,1
3532.440833577452,32,2072,780,1
5612.379133571708,37,7707,715,1
2446.124593643239,21,1215,805,1
6543.733455988466,48,8605,723,0
5708.896223619565,40,3606,706,1
5384.044601470813,34,9350,689,1
6474.03647591827,46,5781,641,1
7498.2116666938655,50,4313,792,1
6521.555097527195,34,8763,491,1
2238.688653002532,42,6939,798,1
3080.6345498964474,43,3295,532,1
4062.7721334564817,32,6685,526,0
5039.136575316251,41,2696,670,0
5776.488530703685,56,2946,438,0
3911.384280269802,52,3783,448,0
5280.150146715618,22,4644,414,0
3866.925601470016,38,6241,749,0
4082.7232955120776,42,7420,362,1
2890.0083547276668,48,8557,403,1
3615.1501308336437,49,3645,572,0
2972.4730915754994,58,7589,305,1
3536.190120534001,44,7353,446,0
6580.462694911759,56,2932,483,1
3575.9016667520855,27,2757,327,1
8948.573097256087,35,6085,849,1
5739.976851321334,27,6637,418,1
5277.254185542311,20,2116,592,1
3712.46332972818,24,1492,670,1
6050.4648191134875,22,9811,543,0
4136.543260643339,20,8888,517,0
5183.014721968042,23,7474,476,1
8840.126807403192,59,5958,598,0
4855.910150413025,54,3743,357,1
6723.909989428514,51,8866,568,0
3945.235362311169,53,8160,607,1
4947.517264254558,44,6451,587,0
7656.200953453264,29,6258,404,1
4059.549413318349,40,9548,527,0
7718.672836995393,58,8186,546,1
6061.627903183213,46,7102,793,0
4156.299836158599,46,1619,382,1
5948.611608583282,21,1882,485,1
6458.8316744400945,32,9988,551,1
5932.714943325795,28,4642,654,0
2644.6629201643154,55,2296,509,0
3909.2942362626973,41,9436,746,0
4628.722046672743,45,3895,759,1
4888.349856349931,31,7593,771,0
5931.008146326017,36,1929,669,1
5266.551501399881,33,6366,791,0
2996.983461934848,33,9711,436,0
5570.296776508945,53,4212,666,0
5915.878617925735,39,3409,483,0
5839.68567189656,30,9199,586,1
6621.171088331933,35,4423,771,0
6250.883231823356,50,7976,674,0
5688.770118842655,25,8594,836,1
4894.75143281203,38,6158,810,1
2508.5585997260127,56,4667,549,0
5644.427328698879,23,6973,809,0
5311.531530744667,23,7236,372,1
5407.368255793061,39,9277,581,1
3084.877136269536,29,3468,659,1
3378.4151893876065,43,7217,309,0
6579.729279999356,54,4619,510,0
4940.667269215018,45,2636,451,0
6022.2510460589365,56,9155,304,1
5042.477564195692,57,4583,494,1
5044.634209243618,40,5009,582,1
6407.425708963997,59,4326,763,0
4225.93290767394,58,9148,412,1
5144.181165411475,40,3217,570,0
4306.587066942437,29,5967,462,1
4348.255658851526,57,3369,759,0
4536.241814797041,23,4638,404,0
5333.200657450569,39,6722,581,1
4281.877067504784,36,5444,461,0
6883.634188360281,26,8618,650,1
3658.089046670744,23,4947,733,0
4719.692533757961,48,2676,439,1
4340.403412588737,33,2196,770,1
7170.466826530599,22,3787,431,0
5294.832164767362,43,8432,386,1
6547.766809202953,56,8927,482,0
2771.6594404445423,35,4318,667,1
5400.575398803889,23,9858,428,1
6334.446193435156,43,7689,545,1
5123.425983913136,53,3176,677,1
6598.220562598027,49,4743,448,0
4224.067324849442,37,9792,732,1
7114.021160278369,38,5422,768,1
8448.347185428876,50,4824,745,0
4455.7421593405115,38,3451,780,0
4331.746217898843,38,1628,593,0
7180.076715676551,41,8778,442,0
7369.358218596069,43,4696,549,0
4215.709959270098,31,4674,601,0
4369.719774356214,49,4929,324,1
4577.323086709239,57,3765,369,0
2983.3242334485844,50,5369,411,1
3622.0220802737026,55,9307,663,0
3493.7888498718985,38,5956,602,1
3848.3036523438072,55,1692,770,1
4947.972668919828,49,4162,390,1
5351.3220988047815,52,2105,829,0
7325.7507392211155,37,4008,491,0
3502.4689388918137,47,3161,541,0
6476.483597714876,30,9345,437,0
4679.016733661737,52,4699,644,1
4925.804435521351,36,4786,479,0
6012.229238249905,25,5200,802,1
3315.916967656552,23,2913,502,1
5573.614619276076,39,6520,491,0
5249.678312319584,46,2772,304,0
5738.676896012224,34,3780,536,0
5433.752965861727,25,8423,610,1
8682.950209866342,33,3871,848,0
4043.390023623026,30,1660,355,1
4203.5045674972735,58,7242,742,0
4065.2892103628537,28,2132,536,1
4166.784321259618,45,1699,496,0
4043.919309040223,35,8470,813,0
6783.524796661328,24,7297,748,1
7130.756371984782,29,8812,659,0
4143.880559375785,22,5557,329,0
3751.4666403436568,32,3179,407,0
5707.123334579606,49,9275,744,0
4171.665433578543,25,2422,737,0
5949.397726633266,36,4180,756,0
5304.38453127695,38,5316,794,0
2726.383827504152,54,7696,546,1
7321.257801995092,45,1614,842,1
7693.816509643282,24,5570,738,0
4080.8169642734206,48,1270,577,0
4418.447660096024,56,3468,410,0
5428.798086087358,39,4607,684,1
5501.685184980537,40,4075,490,1
5987.816409009246,29,1289,789,0
8015.306808149524,24,9120,725,1
4734.579158758926,55,7614,704,0
3802.5541331923196,25,4252,634,0
2931.021157978209,45,8415,508,0
3903.6049400871216,23,7771,321,0
4950.309540689304,58,1278,507,1
7691.836795276682,58,1580,307,1
4223.583051445743,54,5958,828,0
5335.681927458348,20,9445,465,1
4975.3656558908715,43,5276,795,1
6782.589910172126,55,8997,728,0
8790.398638810433,25,5776,462,1
4203.696840619519,50,1824,665,0
4265.840836222666,39,4832,825,0
6566.241315603608,43,9891,538,0
6022.8372344394675,44,6445,371,0
7770.06098860405,55,2380,744,1
5875.892277988946,40,7534,808,0
4461.061863819411,49,4156,568,1
5885.982246038464,43,5307,714,0
6663.055370874362,49,6634,544,0
6230.723271796046,41,9575,359,1
5760.911046660946,47,6810,305,0
6600.012034383731,26,9533,706,1
6753.943385668509,54,6934,516,1
7073.238486556291,47,4109,325,0
5973.064831384464,33,5082,304,0
4749.322879524719,29,4240,831,0
5220.070529649985,35,7028,689,0
6809.763449762535,35,2849,747,0
3774.596493519146,50,9497,445,0
5553.009963309351,44,3749,687,1
4409.991781508959,32,7680,548,1
5043.117234402226,25,1205,825,0
6917.677793910948,28,8352,761,1
5286.648602029855,55,5591,312,1
5069.6548222342235,39,4450,683,0
2960.2157885301212,37,8214,698,0
6119.380349040831,40,4811,318,1
5968.226271711613,23,6141,790,0
8244.88208495819,52,9501,718,1
4538.332647570499,46,3708,636,0
5328.7254914959085,26,2991,718,1
5374.075525566133,25,9463,421,1
7366.179919645212,34,4273,731,1
4857.056701419572,37,5538,343,1
5418.532288655509,51,9712,616,0
5911.844764574809,30,4722,680,0
5279.913684734537,39,4551,444,1
4330.349578174208,43,3832,626,1
5291.134989347462,34,6679,662,0
6610.447624789658,26,7579,349,0
3460.22705088341,40,1152,364,1
5199.454511220314,45,6754,654,1
3949.81877759124,33,3800,463,1
6792.569943387263,56,6310,440,1
2715.219642824338,40,3610,427,1
4161.617229092618,37,2104,697,0
5565.817812596782,24,8361,762,1
7348.286043851511,22,5199,486,0
4901.374608390518,42,4854,489,0
4167.200709960202,45,8263,687,0
7821.7356041608855,56,2914,728,1
2827.979149375634,43,8365,583,0
1701.7910650698773,38,4072,536,0
5660.021675079998,44,1406,493,0
4246.918663471083,40,1166,586,0
3468.15077430393,31,1508,435,1
6062.5346709490295,52,2661,470,1
5365.701070656798,23,4664,458,0
4153.882053894908,26,4489,500,0
3079.5434019936583,41,1680,786,1
6308.685992420217,52,3524,803,1
5975.3017669379915,36,3120,670,1
4851.236204330926,43,6260,402,0
7769.955494071499,53,5357,424,1
3394.872850510771,47,2363,612,0
2711.7122436128916,58,3292,757,0
3962.1378951781335,41,2538,529,1
4931.620975466753,36,4408,496,0
5365.009173984038,53,8742,722,1
4638.145913215505,25,9752,470,0
5528.083094771445,25,2903,681,1
3122.6908637143342,53,1174,472,0
7165.646906109889,20,3230,752,0
4876.773232411147,29,5287,649,1
6675.943747382192,40,5160,793,1
5514.088019566556,24,8106,303,1
5685.129828730676,21,4171,392,1
5854.650920348306,41,2567,305,0
5671.562840025972,21,2151,587,1
5964.084139801316,29,8619,445,1
6993.728795198647,53,7033,723,0
5294.781754552205,35,9560,756,1
6063.505636382768,58,5946,501,1
4865.39645856916,41,9234,511,0
7160.17582317421,31,2907,305,1
3985.4115469110957,43,4490,675,1
7701.410649366224,59,3535,746,1
4939.763074033485,57,5173,405,1
2853.837346822928,29,2293,700,1
5192.156622366184,54,5769,395,1
3978.422513787679,51,5796,687,0
6260.965323483086,26,7871,751,1
4021.0640310464137,40,3972,715,0
4330.72485017783,39,4922,803,0
2165.6889035817035,45,5997,753,0
4321.540521126385,23,8032,590,0
1364.181010056565,41,1992,833,1
2624.145764771415,34,9112,492,1
6140.621984216446,59,6287,449,1
6178.700237976248,40,3240,814,0
5638.186342677447,34,2476,692,1
3549.5357853061805,41,7426,615,1
4928.43296578703,47,1389,375,1
4994.596191364148,33,1999,569,0
3262.452966211186,46,2855,524,0
7255.097452650725,59,9125,829,1
6316.043435863507,47,9850,412,0
4668.553739255504,45,3763,550,0
5040.328758491796,21,4663,532,1
5312.574211921329,44,5986,382,0
1937.397697363564,22,2481,424,0
4629.233926219104,27,8256,474,1
3977.0236280033023,52,4731,368,0
3497.5699851576264,54,8262,346,0
4578.349560671068,25,1451,555,0
7696.529790274284,58,4093,329,0
5961.264291900515,42,1882,580,0
4143.231515325805,44,5408,536,0
5858.874172034238,38,5068,547,0
